"ablation","mu","h","method","sd_d","scenario","p_inconclusive","p_inc_lo","p_inc_hi","mean_n","median_n","median_lo","median_hi","q90_n","mean_cost","median_n_betting","ratio_to_betting","ratio_lo","ratio_hi"
"cluster",0,0.173,"fixed:100",0.0459920282947672,"null",0.0185,0.0134512715327923,0.0253949127165016,100,100,100,100,100,500,405,0.246913580246914,0.245700245700246,0.248138957816377
"cluster",0,0.173,"fixed:500",0.0459920282947672,"null",0,0,0.00191711760051293,500,500,500,500,500,2500,405,1.23456790123457,1.22850122850123,1.24069478908189
"cluster",0,0.173,"fixed:final",0.0459920282947672,"null",0,0,0.00191711760051293,2000,2000,2000,2000,2000,10000,405,4.93827160493827,4.91400491400491,4.96277915632754
"cluster",0,0.173,"savi_cs",0.0459920282947672,"null",0,0,0.00191711760051293,69.449,63,61,64,109,347.245,405,0.155555555555556,0.150990099009901,0.158415841584158
"cluster",0,0.173,"seqbench:betting",0.0459920282947672,"null",0,0,0.00191711760051293,411.353,405,403,407,452,2056.765,405,1,NA,NA
"cluster",0,0.173,"seqbench:empirical_bernstein",0.0459920282947672,"null",0,0,0.00191711760051293,805.35,796,794,798,861.1,4026.75,405,1.96543209876543,1.95577395577396,1.97403930607081
"cluster",0,0.173,"seqbench:hoeffding",0.0459920282947672,"null",1,0.998082882399487,1,2000,2000,2000,2000,2000,10000,405,4.93827160493827,4.91400491400491,4.96277915632754
"cluster",0,0.173,"seqbench:naive_fixed",0.0459920282947672,"null",0,0,0.00191711760051293,35.1765,32,32,33,58,175.8825,405,0.0790123456790123,0.0786240786240786,0.0817843866171004
"cluster",0.01,0.173,"fixed:100",0.0459920282947672,"equivalent",0.4215,0.400029016202162,0.443271971261119,100,100,100,100,100,500,762.5,0.131147540983607,0.130208333333333,0.132450331125828
"cluster",0.01,0.173,"fixed:500",0.0459920282947672,"equivalent",0.0025,0.00106829296910572,0.00583923904340465,500,500,500,500,500,2500,762.5,0.655737704918033,0.651041666666667,0.662251655629139
"cluster",0.01,0.173,"fixed:final",0.0459920282947672,"equivalent",0,0,0.00191711760051293,2000,2000,2000,2000,2000,10000,762.5,2.62295081967213,2.60416666666667,2.64900662251656
"cluster",0.01,0.173,"savi_cs",0.0459920282947672,"equivalent",0,0,0.00191711760051293,205.0465,166,156.4875,178,423,1025.2325,762.5,0.217704918032787,0.206036745406824,0.233295135851053
"cluster",0.01,0.173,"seqbench:betting",0.0459920282947672,"equivalent",0,0,0.00191711760051293,772.7885,762.5,755,768,952,3863.9425,762.5,1,NA,NA
"cluster",0.01,0.173,"seqbench:empirical_bernstein",0.0459920282947672,"equivalent",0.016,0.0113561643652886,0.0224996054720079,1547.8705,1543,1533,1554,1805,7739.3525,762.5,2.02360655737705,2.01116714891686,2.03973641681452
"cluster",0.01,0.173,"seqbench:hoeffding",0.0459920282947672,"equivalent",1,0.998082882399487,1,2000,2000,2000,2000,2000,10000,762.5,2.62295081967213,2.60416666666667,2.64900662251656
"cluster",0.01,0.173,"seqbench:naive_fixed",0.0459920282947672,"equivalent",0,0,0.00191711760051293,71.699,47,44.5,51,161,358.495,762.5,0.0616393442622951,0.0583981203468244,0.0666666666666667
"cluster",0.02,0.173,"fixed:100",0.0459920282947672,"at margin",0.956,0.946103274203825,0.964148314544507,100,100,100,100,100,500,2000,0.05,0.05,0.05
"cluster",0.02,0.173,"fixed:500",0.0459920282947672,"at margin",0.95,0.939555682270514,0.958718911889024,500,500,500,500,500,2500,2000,0.25,0.25,0.25
"cluster",0.02,0.173,"fixed:final",0.0459920282947672,"at margin",0.958,0.948295403745229,0.965948516532701,2000,2000,2000,2000,2000,10000,2000,1,1,1
"cluster",0.02,0.173,"savi_cs",0.0459920282947672,"at margin",0.965,0.95601253220522,0.972204548426303,1933.1855,2000,2000,2000,2000,9665.9275,2000,1,1,1
"cluster",0.02,0.173,"seqbench:betting",0.0459920282947672,"at margin",1,0.998082882399487,1,2000,2000,2000,2000,2000,10000,2000,1,NA,NA
"cluster",0.02,0.173,"seqbench:empirical_bernstein",0.0459920282947672,"at margin",1,0.998082882399487,1,2000,2000,2000,2000,2000,10000,2000,1,1,1
"cluster",0.02,0.173,"seqbench:hoeffding",0.0459920282947672,"at margin",1,0.998082882399487,1,2000,2000,2000,2000,2000,10000,2000,1,1,1
"cluster",0.02,0.173,"seqbench:naive_fixed",0.0459920282947672,"at margin",0.462,0.440243595110381,0.483902105827258,1049.2905,1017,714,1408.325,2000,5246.4525,2000,0.5085,0.357,0.7041625
"cluster",0.05,0.173,"fixed:100",0.0459920282947672,"effect",0,0,0.00191711760051293,100,100,100,100,100,500,257,0.389105058365759,0.387596899224806,0.390625
"cluster",0.05,0.173,"fixed:500",0.0459920282947672,"effect",0,0,0.00191711760051293,500,500,500,500,500,2500,257,1.94552529182879,1.93798449612403,1.953125
"cluster",0.05,0.173,"fixed:final",0.0459920282947672,"effect",0,0,0.00191711760051293,2000,2000,2000,2000,2000,10000,257,7.78210116731517,7.75193798449612,7.8125
"cluster",0.05,0.173,"savi_cs",0.0459920282947672,"effect",0,0,0.00191711760051293,24.4245,22,21,22,41,122.1225,257,0.0856031128404669,0.0813953488372093,0.0859375
"cluster",0.05,0.173,"seqbench:betting",0.0459920282947672,"effect",0,0,0.00191711760051293,258.056,257,256,258,292,1290.28,257,1,NA,NA
"cluster",0.05,0.173,"seqbench:empirical_bernstein",0.0459920282947672,"effect",0,0,0.00191711760051293,499.0305,498,496,500,546,2495.1525,257,1.93774319066148,1.93023255813953,1.94921875
"cluster",0.05,0.173,"seqbench:hoeffding",0.0459920282947672,"effect",1,0.998082882399487,1,2000,2000,2000,2000,2000,10000,257,7.78210116731517,7.75193798449612,7.8125
"cluster",0.05,0.173,"seqbench:naive_fixed",0.0459920282947672,"effect",0,0,0.00191711760051293,11.1685,9,9,9,22,55.8425,257,0.0350194552529183,0.0348837209302326,0.0352941176470588
"cluster",0.1,0.173,"fixed:100",0.0459920282947672,"effect",0,0,0.00191711760051293,100,100,100,100,100,500,97,1.03092783505155,1.03092783505155,1.03092783505155
"cluster",0.1,0.173,"fixed:500",0.0459920282947672,"effect",0,0,0.00191711760051293,500,500,500,500,500,2500,97,5.15463917525773,5.15463917525773,5.15463917525773
"cluster",0.1,0.173,"fixed:final",0.0459920282947672,"effect",0,0,0.00191711760051293,2000,2000,2000,2000,2000,10000,97,20.6185567010309,20.6185567010309,20.6185567010309
"cluster",0.1,0.173,"savi_cs",0.0459920282947672,"effect",0,0,0.00191711760051293,10.0065,10,10,10,12,50.0325,97,0.103092783505155,0.103092783505155,0.103092783505155
"cluster",0.1,0.173,"seqbench:betting",0.0459920282947672,"effect",0,0,0.00191711760051293,97.141,97,97,97,105,485.705,97,1,NA,NA
"cluster",0.1,0.173,"seqbench:empirical_bernstein",0.0459920282947672,"effect",0,0,0.00191711760051293,185.9845,186,185,186,196,929.9225,97,1.91752577319588,1.90721649484536,1.91752577319588
"cluster",0.1,0.173,"seqbench:hoeffding",0.0459920282947672,"effect",1,0.998082882399487,1,2000,2000,2000,2000,2000,10000,97,20.6185567010309,20.6185567010309,20.6185567010309
"cluster",0.1,0.173,"seqbench:naive_fixed",0.0459920282947672,"effect",0,0,0.00191711760051293,3.972,4,4,4,6,19.86,97,0.0412371134020619,0.0412371134020619,0.0412371134020619
"cluster",0.2,0.173,"fixed:100",0.0459920282947672,"effect",0,0,0.00191711760051293,100,100,100,100,100,500,44,2.27272727272727,2.27272727272727,2.27272727272727
"cluster",0.2,0.173,"fixed:500",0.0459920282947672,"effect",0,0,0.00191711760051293,500,500,500,500,500,2500,44,11.3636363636364,11.3636363636364,11.3636363636364
"cluster",0.2,0.173,"fixed:final",0.0459920282947672,"effect",0,0,0.00191711760051293,2000,2000,2000,2000,2000,10000,44,45.4545454545455,45.4545454545455,45.4545454545455
"cluster",0.2,0.173,"savi_cs",0.0459920282947672,"effect",0,0,0.00191711760051293,8.1515,8,8,8,9,40.7575,44,0.181818181818182,0.181818181818182,0.181818181818182
"cluster",0.2,0.173,"seqbench:betting",0.0459920282947672,"effect",0,0,0.00191711760051293,44.3035,44,44,44,46,221.5175,44,1,NA,NA
"cluster",0.2,0.173,"seqbench:empirical_bernstein",0.0459920282947672,"effect",0,0,0.00191711760051293,82.8515,83,83,83,86,414.2575,44,1.88636363636364,1.88636363636364,1.88636363636364
"cluster",0.2,0.173,"seqbench:hoeffding",0.0459920282947672,"effect",0,0,0.00191711760051293,372.21,372,371,373,393,1861.05,44,8.45454545454546,8.43181818181818,8.47727272727273
"cluster",0.2,0.173,"seqbench:naive_fixed",0.0459920282947672,"effect",0,0,0.00191711760051293,2.7665,3,3,3,3,13.8325,44,0.0681818181818182,0.0681818181818182,0.0681818181818182
"none",0,0.052,"fixed:100",0.0300222139978605,"null",0,0,0.00191711760051293,100,100,100,100,100,100,388,0.257731958762887,0.25706940874036,0.258397932816537
"none",0,0.052,"fixed:500",0.0300222139978605,"null",0,0,0.00191711760051293,500,500,500,500,500,500,388,1.28865979381443,1.2853470437018,1.29198966408269
"none",0,0.052,"fixed:final",0.0300222139978605,"null",0,0,0.00191711760051293,2000,2000,2000,2000,2000,2000,388,5.15463917525773,5.1413881748072,5.16795865633075
"none",0,0.052,"savi_cs",0.0300222139978605,"null",0,0,0.00191711760051293,33.241,30,30,31,51,33.241,388,0.077319587628866,0.077120822622108,0.0801033591731266
"none",0,0.052,"seqbench:betting",0.0300222139978605,"null",0,0,0.00191711760051293,391.9295,388,387,389,419,391.9295,388,1,NA,NA
"none",0,0.052,"seqbench:empirical_bernstein",0.0300222139978605,"null",0,0,0.00191711760051293,777.5545,773,771,774,814,777.5545,388,1.99226804123711,1.98457583547558,1.99741602067183
"none",0,0.052,"seqbench:hoeffding",0.0300222139978605,"null",1,0.998082882399487,1,2000,2000,2000,2000,2000,2000,388,5.15463917525773,5.1413881748072,5.16795865633075
"none",0,0.052,"seqbench:naive_fixed",0.0300222139978605,"null",0,0,0.00191711760051293,16.963,16,16,16,27,16.963,388,0.0412371134020619,0.0411311053984576,0.041343669250646
"none",0.01,0.052,"fixed:100",0.0300222139978605,"equivalent",0.0925,0.0805713727976361,0.105991078046782,100,100,100,100,100,100,737,0.135685210312076,0.134589502018843,0.136425648021828
"none",0.01,0.052,"fixed:500",0.0300222139978605,"equivalent",0,0,0.00191711760051293,500,500,500,500,500,500,737,0.67842605156038,0.672947510094213,0.68212824010914
"none",0.01,0.052,"fixed:final",0.0300222139978605,"equivalent",0,0,0.00191711760051293,2000,2000,2000,2000,2000,2000,737,2.71370420624152,2.69179004037685,2.72851296043656
"none",0.01,0.052,"savi_cs",0.0300222139978605,"equivalent",0,0,0.00191711760051293,93.2935,76,73,81,187.1,93.2935,737,0.103120759837178,0.0990468481686174,0.10902116973151
"none",0.01,0.052,"seqbench:betting",0.0300222139978605,"equivalent",0,0,0.00191711760051293,742.334,737,733,743,851,742.334,737,1,NA,NA
"none",0.01,0.052,"seqbench:empirical_bernstein",0.0300222139978605,"equivalent",0,0,0.00191711760051293,1501.7215,1497,1491,1503,1659,1501.7215,737,2.03120759837178,2.0174340150126,2.04102515779789
"none",0.01,0.052,"seqbench:hoeffding",0.0300222139978605,"equivalent",1,0.998082882399487,1,2000,2000,2000,2000,2000,2000,737,2.71370420624152,2.69179004037685,2.72851296043656
"none",0.01,0.052,"seqbench:naive_fixed",0.0300222139978605,"equivalent",0,0,0.00191711760051293,33.301,24,22,25,73,33.301,737,0.0325644504748982,0.0298507462686567,0.0339673913043478
"none",0.02,0.052,"fixed:100",0.0300222139978605,"at margin",0.949,0.938468251114758,0.957810177279981,100,100,100,100,100,100,2000,0.05,0.05,0.05
"none",0.02,0.052,"fixed:500",0.0300222139978605,"at margin",0.953,0.942824353493597,0.961438737960339,500,500,500,500,500,500,2000,0.25,0.25,0.25
"none",0.02,0.052,"fixed:final",0.0300222139978605,"at margin",0.9495,0.939011838183999,0.95826467309314,2000,2000,2000,2000,2000,2000,2000,1,1,1
"none",0.02,0.052,"savi_cs",0.0300222139978605,"at margin",0.9505,0.940099786996697,0.959172890045241,1902.6585,2000,2000,2000,2000,1902.6585,2000,1,1,1
"none",0.02,0.052,"seqbench:betting",0.0300222139978605,"at margin",1,0.998082882399487,1,2000,2000,2000,2000,2000,2000,2000,1,NA,NA
"none",0.02,0.052,"seqbench:empirical_bernstein",0.0300222139978605,"at margin",1,0.998082882399487,1,2000,2000,2000,2000,2000,2000,2000,1,1,1
"none",0.02,0.052,"seqbench:hoeffding",0.0300222139978605,"at margin",1,0.998082882399487,1,2000,2000,2000,2000,2000,2000,2000,1,1,1
"none",0.02,0.052,"seqbench:naive_fixed",0.0300222139978605,"at margin",0.437,0.415402469363333,0.458839087454332,995.8695,734,474.5,1056.15,2000,995.8695,2000,0.367,0.23725,0.528075
"none",0.05,0.052,"fixed:100",0.0300222139978605,"effect",0,0,0.00191711760051293,100,100,100,100,100,100,254.5,0.392927308447937,0.392156862745098,0.393700787401575
"none",0.05,0.052,"fixed:500",0.0300222139978605,"effect",0,0,0.00191711760051293,500,500,500,500,500,500,254.5,1.96463654223969,1.96078431372549,1.96850393700787
"none",0.05,0.052,"fixed:final",0.0300222139978605,"effect",0,0,0.00191711760051293,2000,2000,2000,2000,2000,2000,254.5,7.85854616895874,7.84313725490196,7.8740157480315
"none",0.05,0.052,"savi_cs",0.0300222139978605,"effect",0,0,0.00191711760051293,13.0015,12,12,12,20,13.0015,254.5,0.0471512770137525,0.0470588235294118,0.047244094488189
"none",0.05,0.052,"seqbench:betting",0.0300222139978605,"effect",0,0,0.00191711760051293,255.2665,254.5,254,255,276,255.2665,254.5,1,NA,NA
"none",0.05,0.052,"seqbench:empirical_bernstein",0.0300222139978605,"effect",0,0,0.00191711760051293,495.649,495,494,496,524,495.649,254.5,1.94499017681729,1.9375,1.95275590551181
"none",0.05,0.052,"seqbench:hoeffding",0.0300222139978605,"effect",1,0.998082882399487,1,2000,2000,2000,2000,2000,2000,254.5,7.85854616895874,7.84313725490196,7.8740157480315
"none",0.05,0.052,"seqbench:naive_fixed",0.0300222139978605,"effect",0,0,0.00191711760051293,6.7,6,6,6,11,6.7,254.5,0.0235756385068762,0.0235294117647059,0.0236220472440945
"none",0.1,0.052,"fixed:100",0.0300222139978605,"effect",0,0,0.00191711760051293,100,100,100,100,100,100,97,1.03092783505155,1.03092783505155,1.03092783505155
"none",0.1,0.052,"fixed:500",0.0300222139978605,"effect",0,0,0.00191711760051293,500,500,500,500,500,500,97,5.15463917525773,5.15463917525773,5.15463917525773
"none",0.1,0.052,"fixed:final",0.0300222139978605,"effect",0,0,0.00191711760051293,2000,2000,2000,2000,2000,2000,97,20.6185567010309,20.6185567010309,20.6185567010309
"none",0.1,0.052,"savi_cs",0.0300222139978605,"effect",0,0,0.00191711760051293,6.728,7,7,7,7,6.728,97,0.0721649484536082,0.0721649484536082,0.0721649484536082
"none",0.1,0.052,"seqbench:betting",0.0300222139978605,"effect",0,0,0.00191711760051293,96.8055,97,97,97,101,96.8055,97,1,NA,NA
"none",0.1,0.052,"seqbench:empirical_bernstein",0.0300222139978605,"effect",0,0,0.00191711760051293,185.5595,186,185,186,192,185.5595,97,1.91752577319588,1.90721649484536,1.91752577319588
"none",0.1,0.052,"seqbench:hoeffding",0.0300222139978605,"effect",1,0.998082882399487,1,2000,2000,2000,2000,2000,2000,97,20.6185567010309,20.6185567010309,20.6185567010309
"none",0.1,0.052,"seqbench:naive_fixed",0.0300222139978605,"effect",0,0,0.00191711760051293,3.178,3,3,3,4,3.178,97,0.0309278350515464,0.0309278350515464,0.0309278350515464
"none",0.2,0.052,"fixed:100",0.0300222139978605,"effect",0,0,0.00191711760051293,100,100,100,100,100,100,44,2.27272727272727,2.27272727272727,2.27272727272727
"none",0.2,0.052,"fixed:500",0.0300222139978605,"effect",0,0,0.00191711760051293,500,500,500,500,500,500,44,11.3636363636364,11.3636363636364,11.3636363636364
"none",0.2,0.052,"fixed:final",0.0300222139978605,"effect",0,0,0.00191711760051293,2000,2000,2000,2000,2000,2000,44,45.4545454545455,45.4545454545455,45.4545454545455
"none",0.2,0.052,"savi_cs",0.0300222139978605,"effect",0,0,0.00191711760051293,6,6,6,6,6,6,44,0.136363636363636,0.136363636363636,0.136363636363636
"none",0.2,0.052,"seqbench:betting",0.0300222139978605,"effect",0,0,0.00191711760051293,44.1715,44,44,44,46,44.1715,44,1,NA,NA
"none",0.2,0.052,"seqbench:empirical_bernstein",0.0300222139978605,"effect",0,0,0.00191711760051293,82.681,83,83,83,85,82.681,44,1.88636363636364,1.88636363636364,1.88636363636364
"none",0.2,0.052,"seqbench:hoeffding",0.0300222139978605,"effect",0,0,0.00191711760051293,371.835,372,372,373,385,371.835,44,8.45454545454546,8.45454545454546,8.47727272727273
"none",0.2,0.052,"seqbench:naive_fixed",0.0300222139978605,"effect",0,0,0.00191711760051293,2.533,3,3,3,3,2.533,44,0.0681818181818182,0.0681818181818182,0.0681818181818182
"none",0,0.173,"fixed:100",0.0998815965698052,"null",0.9625,0.953247800157957,0.969978866061569,100,100,100,100,100,100,496,0.201612903225806,0.1998001998002,0.203252032520325
"none",0,0.173,"fixed:500",0.0998815965698052,"null",0.0145,0.0101146109999731,0.0207469101901249,500,500,500,500,500,500,496,1.00806451612903,0.999000999000999,1.01626016260163
"none",0,0.173,"fixed:final",0.0998815965698052,"null",0,0,0.00191711760051293,2000,2000,2000,2000,2000,2000,496,4.03225806451613,3.996003996004,4.0650406504065
"none",0,0.173,"savi_cs",0.0998815965698052,"null",0,0,0.00191711760051293,306.728,273,266,279,489.1,306.728,496,0.550403225806452,0.536144578313253,0.561866125760649
"none",0,0.173,"seqbench:betting",0.0998815965698052,"null",0,0,0.00191711760051293,524.915,496,492,500.5,673,524.915,496,1,NA,NA
"none",0,0.173,"seqbench:empirical_bernstein",0.0998815965698052,"null",0,0,0.00191711760051293,948.0445,920,915,927,1113,948.0445,496,1.85483870967742,1.838,1.87299600888743
"none",0,0.173,"seqbench:hoeffding",0.0998815965698052,"null",1,0.998082882399487,1,2000,2000,2000,2000,2000,2000,496,4.03225806451613,3.996003996004,4.0650406504065
"none",0,0.173,"seqbench:naive_fixed",0.0998815965698052,"null",0,0,0.00191711760051293,139.524,128,125,131,253,139.524,496,0.258064516129032,0.25250501002004,0.264646464646465
"none",0.01,0.173,"fixed:100",0.0998815965698052,"equivalent",0.98,0.972881210870751,0.985278356232757,100,100,100,100,100,100,1065.5,0.0938526513374003,0.0907441016333938,0.0967141393960615
"none",0.01,0.173,"fixed:500",0.0998815965698052,"equivalent",0.3995,0.378246151838328,0.421139188799375,500,500,500,500,500,500,1065.5,0.469263256687001,0.453720508166969,0.483570696980307
"none",0.01,0.173,"fixed:final",0.0998815965698052,"equivalent",0.007,0.00417430722170898,0.0117159707323968,2000,2000,2000,2000,2000,2000,1065.5,1.87705302674801,1.81488203266788,1.93428278792123
"none",0.01,0.173,"savi_cs",0.0998815965698052,"equivalent",0.093,0.0810397957928792,0.106520737933938,892.196,760,719.4875,804,1953.6,892.196,1065.5,0.713280150164242,0.68315738867075,0.742984611990793
"none",0.01,0.173,"seqbench:betting",0.0998815965698052,"equivalent",0.103,0.0904305413525541,0.117091650022253,1151.428,1065.5,1033.975,1102,2000,1151.428,1065.5,1,NA,NA
"none",0.01,0.173,"seqbench:empirical_bernstein",0.0998815965698052,"equivalent",0.362,0.341220802923152,0.383308321534589,1710.2005,1807,1786,1834.0125,2000,1710.2005,1065.5,1.69591740966682,1.64972770537085,1.73963749621095
"none",0.01,0.173,"seqbench:hoeffding",0.0998815965698052,"equivalent",1,0.998082882399487,1,2000,2000,2000,2000,2000,2000,1065.5,1.87705302674801,1.81488203266788,1.93428278792123
"none",0.01,0.173,"seqbench:naive_fixed",0.0998815965698052,"equivalent",0.002,0.00077801472547091,0.00513143440463997,277.0365,168,157.5,181,680,277.0365,1065.5,0.157672454246832,0.146699215362168,0.169475853246822
"none",0.02,0.173,"fixed:100",0.0998815965698052,"at margin",0.9635,0.954352463635209,0.970870368349116,100,100,100,100,100,100,2000,0.05,0.05,0.05
"none",0.02,0.173,"fixed:500",0.0998815965698052,"at margin",0.9485,0.937924917527423,0.957355427984917,500,500,500,500,500,500,2000,0.25,0.25,0.25
"none",0.02,0.173,"fixed:final",0.0998815965698052,"at margin",0.9455,0.934670051400147,0.954621796817796,2000,2000,2000,2000,2000,2000,2000,1,1,1
"none",0.02,0.173,"savi_cs",0.0998815965698052,"at margin",0.953,0.942824353493597,0.961438737960339,1917.7405,2000,2000,2000,2000,1917.7405,2000,1,1,1
"none",0.02,0.173,"seqbench:betting",0.0998815965698052,"at margin",0.9945,0.990177835708702,0.996926134984391,1994.6415,2000,2000,2000,2000,1994.6415,2000,1,NA,NA
"none",0.02,0.173,"seqbench:empirical_bernstein",0.0998815965698052,"at margin",0.9995,0.997173064977238,0.99991173453985,1999.943,2000,2000,2000,2000,1999.943,2000,1,1,1
"none",0.02,0.173,"seqbench:hoeffding",0.0998815965698052,"at margin",1,0.998082882399487,1,2000,2000,2000,2000,2000,2000,2000,1,1,1
"none",0.02,0.173,"seqbench:naive_fixed",0.0998815965698052,"at margin",0.4665,0.444720871143066,0.488407575736168,1069.582,1090,807,1685,2000,1069.582,2000,0.545,0.4035,0.8425
"none",0.05,0.173,"fixed:100",0.0998815965698052,"effect",0.156,0.140758221310866,0.172560755598287,100,100,100,100,100,100,272,0.367647058823529,0.362959967384729,0.371747211895911
"none",0.05,0.173,"fixed:500",0.0998815965698052,"effect",0,0,0.00191711760051293,500,500,500,500,500,500,272,1.83823529411765,1.81479983692364,1.85873605947955
"none",0.05,0.173,"fixed:final",0.0998815965698052,"effect",0,0,0.00191711760051293,2000,2000,2000,2000,2000,2000,272,7.35294117647059,7.25919934769457,7.43494423791822
"none",0.05,0.173,"savi_cs",0.0998815965698052,"effect",0,0,0.00191711760051293,97.1385,83,81,85,174,97.1385,272,0.305147058823529,0.296693121693122,0.3125
"none",0.05,0.173,"seqbench:betting",0.0998815965698052,"effect",0,0,0.00191711760051293,276.873,272,269,275.5125,356,276.873,272,1,NA,NA
"none",0.05,0.173,"seqbench:empirical_bernstein",0.0998815965698052,"effect",0,0,0.00191711760051293,527.424,520,517,525,635,527.424,272,1.91176470588235,1.8937564699793,1.93333333333333
"none",0.05,0.173,"seqbench:hoeffding",0.0998815965698052,"effect",1,0.998082882399487,1,2000,2000,2000,2000,2000,2000,272,7.35294117647059,7.25919934769457,7.43494423791822
"none",0.05,0.173,"seqbench:naive_fixed",0.0998815965698052,"effect",0,0,0.00191711760051293,37.001,25,23,27,88.1000000000001,37.001,272,0.0919117647058824,0.0845588235294118,0.0992738631430432
"none",0.1,0.173,"fixed:100",0.0998815965698052,"effect",0,0,0.00191711760051293,100,100,100,100,100,100,100,1,1,1.01010101010101
"none",0.1,0.173,"fixed:500",0.0998815965698052,"effect",0,0,0.00191711760051293,500,500,500,500,500,500,100,5,5,5.05050505050505
"none",0.1,0.173,"fixed:final",0.0998815965698052,"effect",0,0,0.00191711760051293,2000,2000,2000,2000,2000,2000,100,20,20,20.2020202020202
"none",0.1,0.173,"savi_cs",0.0998815965698052,"effect",0,0,0.00191711760051293,28.21,27,27,27,37,28.21,100,0.27,0.27,0.272727272727273
"none",0.1,0.173,"seqbench:betting",0.0998815965698052,"effect",0,0,0.00191711760051293,100.2415,100,99,100,117,100.2415,100,1,NA,NA
"none",0.1,0.173,"seqbench:empirical_bernstein",0.0998815965698052,"effect",0,0,0.00191711760051293,190.8035,190,189,191,214,190.8035,100,1.9,1.89,1.91919191919192
"none",0.1,0.173,"seqbench:hoeffding",0.0998815965698052,"effect",1,0.998082882399487,1,2000,2000,2000,2000,2000,2000,100,20,20,20.2020202020202
"none",0.1,0.173,"seqbench:naive_fixed",0.0998815965698052,"effect",0,0,0.00191711760051293,8.995,8,8,8,16,8.995,100,0.08,0.08,0.0808080808080808
"none",0.2,0.173,"fixed:100",0.0998815965698052,"effect",0,0,0.00191711760051293,100,100,100,100,100,100,44,2.27272727272727,2.22222222222222,2.27272727272727
"none",0.2,0.173,"fixed:500",0.0998815965698052,"effect",0,0,0.00191711760051293,500,500,500,500,500,500,44,11.3636363636364,11.1111111111111,11.3636363636364
"none",0.2,0.173,"fixed:final",0.0998815965698052,"effect",0,0,0.00191711760051293,2000,2000,2000,2000,2000,2000,44,45.4545454545455,44.4444444444444,45.4545454545455
"none",0.2,0.173,"savi_cs",0.0998815965698052,"effect",0,0,0.00191711760051293,17.3275,17,17,17,19,17.3275,44,0.386363636363636,0.377777777777778,0.386363636363636
"none",0.2,0.173,"seqbench:betting",0.0998815965698052,"effect",0,0,0.00191711760051293,44.7605,44,44,45,49,44.7605,44,1,NA,NA
"none",0.2,0.173,"seqbench:empirical_bernstein",0.0998815965698052,"effect",0,0,0.00191711760051293,83.678,83,83,84,90,83.678,44,1.88636363636364,1.84444444444444,1.90909090909091
"none",0.2,0.173,"seqbench:hoeffding",0.0998815965698052,"effect",0,0,0.00191711760051293,372.689,371,369,373.0125,415.1,372.689,44,8.43181818181818,8.22222222222222,8.47727272727273
"none",0.2,0.173,"seqbench:naive_fixed",0.0998815965698052,"effect",0,0,0.00191711760051293,3.9125,4,4,4,6,3.9125,44,0.0909090909090909,0.0888888888888889,0.0909090909090909
"unpaired",0,0.173,"fixed:100",0.14280406156689,"null",0.9995,0.997173064977238,0.99991173453985,100,100,100,100,100,100,725.5,0.137835975189524,0.135407323662876,0.14045190569062
"unpaired",0,0.173,"fixed:500",0.14280406156689,"null",0.236,0.217907190896447,0.255105047196624,500,500,500,500,500,500,725.5,0.689179875947622,0.677036618314379,0.702259528453102
"unpaired",0,0.173,"fixed:final",0.14280406156689,"null",0,0,0.00191711760051293,2000,2000,2000,2000,2000,2000,725.5,2.75671950379049,2.70814647325752,2.80903811381241
"unpaired",0,0.173,"savi_cs",0.14280406156689,"null",0.001,0.000274273176083379,0.00363901018922853,614.9765,536,525,545,1003.2,614.9765,725.5,0.738800827015851,0.726154772124967,0.752461670217655
"unpaired",0,0.173,"seqbench:betting",0.14280406156689,"null",0.0045,0.00236925360861072,0.0085306099334976,811.3685,725.5,711.9875,738.5125,1203.2,811.3685,725.5,1,NA,NA
"unpaired",0,0.173,"seqbench:empirical_bernstein",0.14280406156689,"null",0.01,0.00648271696627417,0.0153960582822285,1165.817,1095,1083.9875,1106,1517.4,1165.817,725.5,1.50930392832529,1.48439620081411,1.53792134831461
"unpaired",0,0.173,"seqbench:hoeffding",0.14280406156689,"null",1,0.998082882399487,1,2000,2000,2000,2000,2000,2000,725.5,2.75671950379049,2.70814647325752,2.80903811381241
"unpaired",0,0.173,"seqbench:naive_fixed",0.14280406156689,"null",0,0,0.00191711760051293,284.769,262,257.9875,267,507,284.769,725.5,0.361130254996554,0.352978505641288,0.371149917271072
"unpaired",0.01,0.173,"fixed:100",0.14280406156689,"equivalent",0.996,0.992126441550113,0.997971777790178,100,100,100,100,100,100,1911,0.0523286237571952,0.0505554786328236,0.0547795124623391
"unpaired",0.01,0.173,"fixed:500",0.14280406156689,"equivalent",0.6595,0.638443293241534,0.679945146243902,500,500,500,500,500,500,1911,0.261643118785976,0.252777393164118,0.273897562311695
"unpaired",0.01,0.173,"fixed:final",0.14280406156689,"equivalent",0.123,0.109324011547697,0.13812149512309,2000,2000,2000,2000,2000,2000,1911,1.0465724751439,1.01110957265647,1.09559024924678
"unpaired",0.01,0.173,"savi_cs",0.14280406156689,"equivalent",0.39,0.368853758860593,0.41156800701152,1367.5835,1544.5,1450.4875,1614.5125,2000,1367.5835,1911,0.80821559392988,0.780986211482485,0.837303998019397
"unpaired",0.01,0.173,"seqbench:betting",0.14280406156689,"equivalent",0.4715,0.449697712023584,0.493411563679646,1570.543,1911,1825.5,1978.025,2000,1570.543,1911,1,NA,NA
"unpaired",0.01,0.173,"seqbench:empirical_bernstein",0.14280406156689,"equivalent",0.6905,0.669890281147295,0.71037929704691,1840.767,2000,2000,2000,2000,1840.767,1911,1.0465724751439,1.01110957265647,1.09559024924678
"unpaired",0.01,0.173,"seqbench:hoeffding",0.14280406156689,"equivalent",1,0.998082882399487,1,2000,2000,2000,2000,2000,2000,1911,1.0465724751439,1.01110957265647,1.09559024924678
"unpaired",0.01,0.173,"seqbench:naive_fixed",0.14280406156689,"equivalent",0.0415,0.0336022528466813,0.0511557439929891,530.416,329.5,310,357.025,1314.4,530.416,1911,0.172422815279958,0.16189708453801,0.187438955441798
"unpaired",0.02,0.173,"fixed:100",0.14280406156689,"at margin",0.9825,0.975759659052505,0.987390322463001,100,100,100,100,100,100,2000,0.05,0.05,0.05
"unpaired",0.02,0.173,"fixed:500",0.14280406156689,"at margin",0.9535,0.943370103403034,0.961891070933301,500,500,500,500,500,500,2000,0.25,0.25,0.25
"unpaired",0.02,0.173,"fixed:final",0.14280406156689,"at margin",0.936,0.924415105134742,0.945913168317611,2000,2000,2000,2000,2000,2000,2000,1,1,1
"unpaired",0.02,0.173,"savi_cs",0.14280406156689,"at margin",0.9605,0.951043116028296,0.968191218661632,1937.129,2000,2000,2000,2000,1937.129,2000,1,1,1
"unpaired",0.02,0.173,"seqbench:betting",0.14280406156689,"at margin",0.991,0.985817843162636,0.99429954735366,1990.143,2000,2000,2000,2000,1990.143,2000,1,NA,NA
"unpaired",0.02,0.173,"seqbench:empirical_bernstein",0.14280406156689,"at margin",0.9975,0.994160760956595,0.998931707030894,1998.802,2000,2000,2000,2000,1998.802,2000,1,1,1
"unpaired",0.02,0.173,"seqbench:hoeffding",0.14280406156689,"at margin",1,0.998082882399487,1,2000,2000,2000,2000,2000,2000,2000,1,1,1
"unpaired",0.02,0.173,"seqbench:naive_fixed",0.14280406156689,"at margin",0.507,0.48509627087205,0.528876889481543,1180.919,2000,1750.9875,2000,2000,1180.919,2000,1,0.87549375,1
"unpaired",0.05,0.173,"fixed:100",0.14280406156689,"effect",0.4635,0.441735822263032,0.485404127321805,100,100,100,100,100,100,296,0.337837837837838,0.33112582781457,0.344827586206897
"unpaired",0.05,0.173,"fixed:500",0.14280406156689,"effect",0.004,0.00202822220982194,0.00787355844988689,500,500,500,500,500,500,296,1.68918918918919,1.65562913907285,1.72413793103448
"unpaired",0.05,0.173,"fixed:final",0.14280406156689,"effect",0,0,0.00191711760051293,2000,2000,2000,2000,2000,2000,296,6.75675675675676,6.62251655629139,6.89655172413793
"unpaired",0.05,0.173,"savi_cs",0.14280406156689,"effect",0,0,0.00191711760051293,194.222,164.5,160,170,346,194.222,296,0.555743243243243,0.54080943188086,0.572390572390572
"unpaired",0.05,0.173,"seqbench:betting",0.14280406156689,"effect",0,0,0.00191711760051293,319.4765,296,290,302,468.1,319.4765,296,1,NA,NA
"unpaired",0.05,0.173,"seqbench:empirical_bernstein",0.14280406156689,"effect",0,0,0.00191711760051293,569.7435,550,544,558,745,569.7435,296,1.85810810810811,1.83055066445183,1.89312175247992
"unpaired",0.05,0.173,"seqbench:hoeffding",0.14280406156689,"effect",1,0.998082882399487,1,2000,2000,2000,2000,2000,2000,296,6.75675675675676,6.62251655629139,6.89655172413793
"unpaired",0.05,0.173,"seqbench:naive_fixed",0.14280406156689,"effect",0,0,0.00191711760051293,69.8205,45,41,49,173.1,69.8205,296,0.152027027027027,0.138513513513514,0.165268361742856
"unpaired",0.1,0.173,"fixed:100",0.14280406156689,"effect",0,0,0.00191711760051293,100,100,100,100,100,100,101,0.99009900990099,0.970873786407767,0.995149253731343
"unpaired",0.1,0.173,"fixed:500",0.14280406156689,"effect",0,0,0.00191711760051293,500,500,500,500,500,500,101,4.95049504950495,4.85436893203883,4.97574626865672
"unpaired",0.1,0.173,"fixed:final",0.14280406156689,"effect",0,0,0.00191711760051293,2000,2000,2000,2000,2000,2000,101,19.8019801980198,19.4174757281553,19.9029850746269
"unpaired",0.1,0.173,"savi_cs",0.14280406156689,"effect",0,0,0.00191711760051293,50.0065,48,47,49,68,50.0065,101,0.475247524752475,0.465346534653465,0.480392156862745
"unpaired",0.1,0.173,"seqbench:betting",0.14280406156689,"effect",0,0,0.00191711760051293,103.311,101,100.4875,103,128,103.311,101,1,NA,NA
"unpaired",0.1,0.173,"seqbench:empirical_bernstein",0.14280406156689,"effect",0,0,0.00191711760051293,195.941,194,193,196,230,195.941,101,1.92079207920792,1.8921568627451,1.93069306930693
"unpaired",0.1,0.173,"seqbench:hoeffding",0.14280406156689,"effect",0.997,0.993469996251318,0.998624388853772,1999.627,2000,2000,2000,2000,1999.627,101,19.8019801980198,19.4174757281553,19.9029850746269
"unpaired",0.1,0.173,"seqbench:naive_fixed",0.14280406156689,"effect",0,0,0.00191711760051293,14.0315,11,10,11,29,14.0315,101,0.108910891089109,0.099009900990099,0.11
"unpaired",0.2,0.173,"fixed:100",0.14280406156689,"effect",0,0,0.00191711760051293,100,100,100,100,100,100,45,2.22222222222222,2.17391304347826,2.22222222222222
"unpaired",0.2,0.173,"fixed:500",0.14280406156689,"effect",0,0,0.00191711760051293,500,500,500,500,500,500,45,11.1111111111111,10.8695652173913,11.1111111111111
"unpaired",0.2,0.173,"fixed:final",0.14280406156689,"effect",0,0,0.00191711760051293,2000,2000,2000,2000,2000,2000,45,44.4444444444444,43.4782608695652,44.4444444444444
"unpaired",0.2,0.173,"savi_cs",0.14280406156689,"effect",0,0,0.00191711760051293,26.7855,26,26,27,30,26.7855,45,0.577777777777778,0.577777777777778,0.6
"unpaired",0.2,0.173,"seqbench:betting",0.14280406156689,"effect",0,0,0.00191711760051293,45.494,45,45,46,52,45.494,45,1,NA,NA
"unpaired",0.2,0.173,"seqbench:empirical_bernstein",0.14280406156689,"effect",0,0,0.00191711760051293,84.643,84,84,85,94,84.643,45,1.86666666666667,1.82608695652174,1.88888888888889
"unpaired",0.2,0.173,"seqbench:hoeffding",0.14280406156689,"effect",0,0,0.00191711760051293,373.539,372,370,375,439.1,373.539,45,8.26666666666667,8.1304347826087,8.33333333333333
"unpaired",0.2,0.173,"seqbench:naive_fixed",0.14280406156689,"effect",0,0,0.00191711760051293,5.149,5,5,5,9,5.149,45,0.111111111111111,0.108695652173913,0.111111111111111
