"mu","ablation","sd_d","median_n","p_inconclusive","mean_cost","median_n_paired","p_inc_paired","mean_cost_paired","ratio_n","ratio_cost"
0,"cluster",0.0459920282947672,405,0,2056.765,496,0,524.915,0.816532258064516,3.91828200756313
0,"unpaired",0.14280406156689,725.5,0.0045,811.3685,496,0,524.915,1.46270161290323,1.54571406799196
0.01,"cluster",0.0459920282947672,762.5,0,3863.9425,1065.5,0.103,1151.428,0.715626466447677,3.35578299294441
0.01,"unpaired",0.14280406156689,1911,0.4715,1570.543,1065.5,0.103,1151.428,1.79352416705772,1.36399583821133
0.02,"unpaired",0.14280406156689,2000,0.991,1990.143,2000,0.9945,1994.6415,1,0.99774470750759
0.02,"cluster",0.0459920282947672,2000,1,10000,2000,0.9945,1994.6415,1,5.01343223832453
0.05,"unpaired",0.14280406156689,296,0,319.4765,272,0,276.873,1.08823529411765,1.15387379773398
0.05,"cluster",0.0459920282947672,257,0,1290.28,272,0,276.873,0.94485294117647,4.66018716162284
0.1,"cluster",0.0459920282947672,97,0,485.705,100,0,100.2415,0.97,4.84534848341256
0.1,"unpaired",0.14280406156689,101,0,103.311,100,0,100.2415,1.01,1.03062105016385
0.2,"cluster",0.0459920282947672,44,0,221.5175,44,0,44.7605,1,4.948950525575
0.2,"unpaired",0.14280406156689,45,0,45.494,44,0,44.7605,1.02272727272727,1.01638721640732
