"ablation","mu","h","method","sd_d","scenario","p_inconclusive","p_inc_lo","p_inc_hi","mean_n","median_n","median_lo","median_hi","q90_n","mean_cost","median_n_betting","ratio_to_betting","ratio_lo","ratio_hi","distance","pred_truncated","ratio_obs_pred","crossover_t","regime"
"none",0,0.052,"seqbench:betting",0.0300222139978605,"null",0,0,0.00191711760051293,391.9295,388,387,389,419,391.9295,388,1,NA,NA,0.02,368.887945411394,1.05180991904545,4060,"truncated"
"none",0,0.052,"seqbench:empirical_bernstein",0.0300222139978605,"null",0,0,0.00191711760051293,777.5545,773,771,774,814,777.5545,388,1.99226804123711,1.98457583547558,1.99741602067183,0.02,737.775890822787,1.04774364358522,13796,"truncated"
"none",0.01,0.052,"seqbench:betting",0.0300222139978605,"equivalent",0,0,0.00191711760051293,742.334,737,733,743,851,742.334,737,1,NA,NA,0.01,737.775890822787,0.998948338062495,4060,"truncated"
"none",0.01,0.052,"seqbench:empirical_bernstein",0.0300222139978605,"equivalent",0,0,0.00191711760051293,1501.7215,1497,1491,1503,1659,1501.7215,737,2.03120759837178,2.0174340150126,2.04102515779789,0.01,1475.55178164557,1.0145357273267,13796,"truncated"
"none",0.05,0.052,"seqbench:betting",0.0300222139978605,"effect",0,0,0.00191711760051293,255.2665,254.5,254,255,276,255.2665,254.5,1,NA,NA,0.03,245.925296940929,1.03486710462784,4060,"truncated"
"none",0.05,0.052,"seqbench:empirical_bernstein",0.0300222139978605,"effect",0,0,0.00191711760051293,495.649,495,494,496,524,495.649,254.5,1.94499017681729,1.9375,1.95275590551181,0.03,491.850593881858,1.00640317640624,13796,"truncated"
"none",0.1,0.052,"seqbench:betting",0.0300222139978605,"effect",0,0,0.00191711760051293,96.8055,97,97,97,101,96.8055,97,1,NA,NA,0.08,92.2219863528484,1.05180991904545,4060,"truncated"
"none",0.1,0.052,"seqbench:empirical_bernstein",0.0300222139978605,"effect",0,0,0.00191711760051293,185.5595,186,185,186,192,185.5595,97,1.91752577319588,1.90721649484536,1.91752577319588,0.08,184.443972705697,1.00843631413636,13796,"truncated"
"none",0.2,0.052,"seqbench:betting",0.0300222139978605,"effect",0,0,0.00191711760051293,44.1715,44,44,44,46,44.1715,44,1,NA,NA,0.18,40.9875494901548,1.07349672149999,4060,"truncated"
"none",0.2,0.052,"seqbench:empirical_bernstein",0.0300222139978605,"effect",0,0,0.00191711760051293,82.681,83,83,83,85,82.681,44,1.88636363636364,1.88636363636364,1.88636363636364,0.18,81.9750989803097,1.01250258959659,13796,"truncated"
"none",0,0.173,"seqbench:betting",0.0998815965698052,"null",0,0,0.00191711760051293,524.915,496,492,500.5,673,524.915,496,1,NA,NA,0.02,368.887945411394,1.34458175218181,481,"variance"
"none",0,0.173,"seqbench:empirical_bernstein",0.0998815965698052,"null",0,0,0.00191711760051293,948.0445,920,915,927,1113,948.0445,496,1.85483870967742,1.838,1.87299600888743,0.02,737.775890822787,1.24699114113636,1675,"truncated"
"none",0.01,0.173,"seqbench:betting",0.0998815965698052,"equivalent",0.103,0.0904305413525541,0.117091650022253,1151.428,1065.5,1033.975,1102,2000,1151.428,1065.5,1,NA,NA,0.01,737.775890822787,1.44420550095738,481,"variance"
"none",0.01,0.173,"seqbench:empirical_bernstein",0.0998815965698052,"equivalent",0.362,0.341220802923152,0.383308321534589,1710.2005,1807,1786,1834.0125,2000,1710.2005,1065.5,1.69591740966682,1.64972770537085,1.73963749621095,0.01,1475.55178164557,1.22462662610511,1675,"variance"
"none",0.05,0.173,"seqbench:betting",0.0998815965698052,"effect",0,0,0.00191711760051293,276.873,272,269,275.5125,356,276.873,272,1,NA,NA,0.03,245.925296940929,1.10602692518181,481,"truncated"
"none",0.05,0.173,"seqbench:empirical_bernstein",0.0998815965698052,"effect",0,0,0.00191711760051293,527.424,520,517,525,635,527.424,272,1.91176470588235,1.8937564699793,1.93333333333333,0.03,491.850593881858,1.05723161965909,1675,"truncated"
"none",0.1,0.173,"seqbench:betting",0.0998815965698052,"effect",0,0,0.00191711760051293,100.2415,100,99,100,117,100.2415,100,1,NA,NA,0.08,92.2219863528484,1.08434012272727,481,"truncated"
"none",0.1,0.173,"seqbench:empirical_bernstein",0.0998815965698052,"effect",0,0,0.00191711760051293,190.8035,190,189,191,214,190.8035,100,1.9,1.89,1.91919191919192,0.08,184.443972705697,1.0301231165909,1675,"truncated"
"none",0.2,0.173,"seqbench:betting",0.0998815965698052,"effect",0,0,0.00191711760051293,44.7605,44,44,45,49,44.7605,44,1,NA,NA,0.18,40.9875494901548,1.07349672149999,481,"truncated"
"none",0.2,0.173,"seqbench:empirical_bernstein",0.0998815965698052,"effect",0,0,0.00191711760051293,83.678,83,83,84,90,83.678,44,1.88636363636364,1.84444444444444,1.90909090909091,0.18,81.9750989803097,1.01250258959659,1675,"truncated"
