"method","mu","h","truth","R","false_declaration","false_rate","false_lo","false_hi","miscover","miscover_rate","miscover_lo","miscover_hi","p_inconclusive","median_n","median_lo","median_hi","mean_n","mean_cost","ratio_to_betting","ratio_lo","ratio_hi"
"fixed:100",-0.2,0.052,"A",2000,0,0,0,0.00191711760051293,103,0.0515,0.0426445720150835,0.0620750824725766,0,100,100,100,100,100,2.27272727272727,2.27272727272727,2.27272727272727
"fixed:500",-0.2,0.052,"A",2000,0,0,0,0.00191711760051293,112,0.056,0.0467481785557923,0.0669542218734632,0,500,500,500,500,500,11.3636363636364,11.3636363636364,11.3636363636364
"fixed:final",-0.2,0.052,"A",2000,0,0,0,0.00191711760051293,105,0.0525,0.0435548173272603,0.0631610029251988,0,2000,2000,2000,2000,2000,45.4545454545455,45.4545454545455,45.4545454545455
"savi_cs",-0.2,0.052,"A",2000,0,0,0,0.00191711760051293,2,0.001,0.000274273176083379,0.00363901018922853,0,6,6,6,6,6,0.136363636363636,0.136363636363636,0.136363636363636
"seqbench:betting",-0.2,0.052,"A",2000,0,0,0,0.00191711760051293,0,0,0,0.00191711760051293,0,44,44,44,44.2,44.2,NA,NA,NA
"seqbench:empirical_bernstein",-0.2,0.052,"A",2000,0,0,0,0.00191711760051293,0,0,0,0.00191711760051293,0,83,83,83,82.6635,82.6635,1.88636363636364,1.88636363636364,1.88636363636364
"seqbench:hoeffding",-0.2,0.052,"A",2000,0,0,0,0.00191711760051293,0,0,0,0.00191711760051293,0,372,371,372,371.9195,371.9195,8.45454545454546,8.43181818181818,8.45454545454546
"seqbench:naive_fixed",-0.2,0.052,"A",2000,0,0,0,0.00191711760051293,166,0.083,0.0716935370456216,0.0959053390332062,0,3,3,3,2.535,2.535,0.0681818181818182,0.0681818181818182,0.0681818181818182
"fixed:100",-0.05,0.052,"A",2000,0,0,0,0.00191711760051293,112,0.056,0.0467481785557923,0.0669542218734632,0,100,100,100,100,100,0.392156862745098,0.392156862745098,0.393700787401575
"fixed:500",-0.05,0.052,"A",2000,0,0,0,0.00191711760051293,92,0.046,0.037656884800935,0.0560838579803307,0,500,500,500,500,500,1.96078431372549,1.96078431372549,1.96850393700787
"fixed:final",-0.05,0.052,"A",2000,0,0,0,0.00191711760051293,100,0.05,0.0412810881109756,0.0604443177294861,0,2000,2000,2000,2000,2000,7.84313725490196,7.84313725490196,7.8740157480315
"savi_cs",-0.05,0.052,"A",2000,0,0,0,0.00191711760051293,36,0.018,0.01302991458286,0.0248181867840345,0,12,12,12,12.978,12.978,0.0470588235294118,0.0470588235294118,0.047244094488189
"seqbench:betting",-0.05,0.052,"A",2000,0,0,0,0.00191711760051293,0,0,0,0.00191711760051293,0,255,254,255,255.1315,255.1315,NA,NA,NA
"seqbench:empirical_bernstein",-0.05,0.052,"A",2000,0,0,0,0.00191711760051293,0,0,0,0.00191711760051293,0,495,494,496,495.1935,495.1935,1.94117647058824,1.93725490196078,1.9488188976378
"seqbench:hoeffding",-0.05,0.052,"A",2000,0,0,0,0.00191711760051293,0,0,0,0.00191711760051293,1,2000,2000,2000,2000,2000,7.84313725490196,7.84313725490196,7.8740157480315
"seqbench:naive_fixed",-0.05,0.052,"A",2000,21,0.0105,0.00687783461945913,0.015999023511443,357,0.1785,0.162338340827177,0.195894365789952,0,6,6,6,6.621,6.621,0.0235294117647059,0.0235294117647059,0.0236220472440945
"fixed:100",-0.025,0.052,"A",2000,0,0,0,0.00191711760051293,102,0.051,0.0421898227200188,0.0615317488852419,0.6345,100,100,100,100,100,0.0644537544311956,0.0638162093171666,0.0648724042566224
"fixed:500",-0.025,0.052,"A",2000,0,0,0,0.00191711760051293,94,0.047,0.0385612620396613,0.0571756465064035,0.0375,500,500,500,500,500,0.322268772155978,0.319081046585833,0.324464633354964
"fixed:final",-0.025,0.052,"A",2000,0,0,0,0.00191711760051293,101,0.0505,0.0417353269068604,0.0609881618160007,0,2000,2000,2000,2000,2000,1.28907508862391,1.27632418634333,1.29786906456667
"savi_cs",-0.025,0.052,"A",2000,19,0.0095,0.00609019121047806,0.0147905011556251,57,0.0285,0.0220624125256408,0.0367454293716429,0,419,399,436.5,464.011,464.011,0.27006123106671,0.25807467491873,0.279758091952143
"seqbench:betting",-0.025,0.052,"A",2000,0,0,0,0.00191711760051293,0,0,0,0.00191711760051293,0.0535,1551.5,1542,1566.5125,1572.4585,1572.4585,NA,NA,NA
"seqbench:empirical_bernstein",-0.025,0.052,"A",2000,0,0,0,0.00191711760051293,0,0,0,0.00191711760051293,1,2000,2000,2000,2000,2000,1.28907508862391,1.27589672881017,1.29702737870915
"seqbench:hoeffding",-0.025,0.052,"A",2000,0,0,0,0.00191711760051293,0,0,0,0.00191711760051293,1,2000,2000,2000,2000,2000,1.28907508862391,1.27672138266688,1.2970168612192
"seqbench:naive_fixed",-0.025,0.052,"A",2000,118,0.059,0.0494940607500394,0.070196836973613,619,0.3095,0.28962070295309,0.330109718852705,0,56,50,61,95.9815,95.9815,0.0360941024814695,0.031910544841841,0.0392289269057758
"fixed:100",-0.015,0.052,"equivalent",2000,2,0.001,0.000274273176083379,0.00363901018922853,88,0.044,0.0358516854554926,0.0538967257961752,0.6275,100,100,100,100,100,0.0668672684720829,0.0661375661375661,0.0674991562605467
"fixed:500",-0.015,0.052,"equivalent",2000,0,0,0,0.00191711760051293,98,0.049,0.0403733961506753,0.0593558439249874,0.0345,500,500,500,500,500,0.334336342360415,0.330687830687831,0.337381916329285
"fixed:final",-0.015,0.052,"equivalent",2000,0,0,0,0.00191711760051293,106,0.053,0.0440103066831926,0.063703596451666,0,2000,2000,2000,2000,2000,1.33734536944166,1.32406487917908,1.34816312773846
"savi_cs",-0.015,0.052,"equivalent",2000,13,0.0065,0.00380255986868682,0.0110896352030195,79,0.0395,0.031808781338368,0.0489568839717044,5e-04,399,383,415.0125,451.868,451.868,0.266800401203611,0.256871073464398,0.277704996013357
"seqbench:betting",-0.015,0.052,"equivalent",2000,0,0,0,0.00191711760051293,0,0,0,0.00191711760051293,0.042,1495.5,1481.4875,1511.5,1514.5935,1514.5935,NA,NA,NA
"seqbench:empirical_bernstein",-0.015,0.052,"equivalent",2000,0,0,0,0.00191711760051293,0,0,0,0.00191711760051293,1,2000,2000,2000,2000,2000,1.33734536944166,1.32275132275132,1.34999451939666
"seqbench:hoeffding",-0.015,0.052,"equivalent",2000,0,0,0,0.00191711760051293,0,0,0,0.00191711760051293,1,2000,2000,2000,2000,2000,1.33734536944166,1.3240539256311,1.34817449121728
"seqbench:naive_fixed",-0.015,0.052,"equivalent",2000,184,0.092,0.0801030614697076,0.105461306492311,684,0.342,0.321530032185997,0.363075776975765,0,54,49,59,95.501,95.501,0.0361083249749248,0.0328638497652582,0.0393989983305509
"fixed:100",0.015,0.052,"equivalent",2000,0,0,0,0.00191711760051293,87,0.0435,0.0354011538106259,0.0533491745586424,0.6215,100,100,100,100,100,0.0668002672010688,0.0661375661375661,0.0673174015483002
"fixed:500",0.015,0.052,"equivalent",2000,0,0,0,0.00191711760051293,99,0.0495,0.040827109954759,0.0599002130033031,0.0435,500,500,500,500,500,0.334001336005344,0.330687830687831,0.336473755047106
"fixed:final",0.015,0.052,"equivalent",2000,0,0,0,0.00191711760051293,83,0.0415,0.0336022528466813,0.0511557439929891,0,2000,2000,2000,2000,2000,1.33600534402138,1.32275132275132,1.34545363181147
"savi_cs",0.015,0.052,"equivalent",2000,17,0.0085,0.00531372264014279,0.0135708039611614,85,0.0425,0.0345010475051718,0.0522531150992976,0,404,385,426,453.2385,453.2385,0.269873079492318,0.258096020248802,0.284110303218954
"seqbench:betting",0.015,0.052,"equivalent",2000,0,0,0,0.00191711760051293,0,0,0,0.00191711760051293,0.027,1497,1486,1511,1513.317,1513.317,NA,NA,NA
"seqbench:empirical_bernstein",0.015,0.052,"equivalent",2000,0,0,0,0.00191711760051293,0,0,0,0.00191711760051293,1,2000,2000,2000,2000,2000,1.33600534402138,1.32317794615181,1.34498991257566
"seqbench:hoeffding",0.015,0.052,"equivalent",2000,0,0,0,0.00191711760051293,0,0,0,0.00191711760051293,1,2000,2000,2000,2000,2000,1.33600534402138,1.32275132275132,1.34545363181147
"seqbench:naive_fixed",0.015,0.052,"equivalent",2000,199,0.0995,0.0871391048573318,0.113396506340679,705,0.3525,0.331862687084652,0.373702862607499,0,53,48,58,95.416,95.416,0.0354041416165665,0.0321599967710036,0.0391317452459303
"fixed:100",0.025,0.052,"B",2000,1,5e-04,8.82654601505827e-05,0.00282693502276184,100,0.05,0.0412810881109756,0.0604443177294861,0.6435,100,100,100,100,100,0.0640204865556978,0.0634915597467168,0.0645786244752987
"fixed:500",0.025,0.052,"B",2000,0,0,0,0.00191711760051293,105,0.0525,0.0435548173272603,0.0631610029251988,0.0415,500,500,500,500,500,0.320102432778489,0.317258883248731,0.322788896061975
"fixed:final",0.025,0.052,"B",2000,0,0,0,0.00191711760051293,89,0.0445,0.036302529260019,0.0544439648740483,0,2000,2000,2000,2000,2000,1.28040973111396,1.26942820504972,1.2920001001866
"savi_cs",0.025,0.052,"B",2000,13,0.0065,0.00380255986868682,0.0110896352030195,53,0.0265,0.02031682153217,0.0344986888355157,0.001,431,411.5,447.0125,474.558,474.558,0.275928297055058,0.26364419978837,0.286862244897959
"seqbench:betting",0.025,0.052,"B",2000,0,0,0,0.00191711760051293,0,0,0,0.00191711760051293,0.056,1562,1548,1575,1571.4185,1571.4185,NA,NA,NA
"seqbench:empirical_bernstein",0.025,0.052,"B",2000,0,0,0,0.00191711760051293,0,0,0,0.00191711760051293,1,2000,2000,2000,2000,2000,1.28040973111396,1.26903553299492,1.29283527183909
"seqbench:hoeffding",0.025,0.052,"B",2000,0,0,0,0.00191711760051293,0,0,0,0.00191711760051293,1,2000,2000,2000,2000,2000,1.28040973111396,1.26942820504972,1.29449838187702
"seqbench:naive_fixed",0.025,0.052,"B",2000,114,0.057,0.0476626119074743,0.0680359542865801,593,0.2965,0.276889147184248,0.31689111967916,0,56,52,60,99.6985,99.6985,0.0358514724711908,0.0331210191082803,0.0385607211825689
"fixed:100",0.03,0.052,"B",2000,0,0,0,0.00191711760051293,111,0.0555,0.0462912940037068,0.0664130235431492,0.1,100,100,100,100,100,0.130039011703511,0.129198966408269,0.130718954248366
"fixed:500",0.03,0.052,"B",2000,0,0,0,0.00191711760051293,101,0.0505,0.0417353269068604,0.0609881618160007,0,500,500,500,500,500,0.650195058517555,0.645994832041344,0.65359477124183
"fixed:final",0.03,0.052,"B",2000,0,0,0,0.00191711760051293,101,0.0505,0.0417353269068604,0.0609881618160007,0,2000,2000,2000,2000,2000,2.60078023407022,2.58397932816537,2.61780104712042
"savi_cs",0.03,0.052,"B",2000,6,0.003,0.00137561114622761,0.00653000374868225,68,0.034,0.0269081446460836,0.0428786089575945,0,81,77,84,93.8035,93.8035,0.105331599479844,0.0998702771484593,0.109517601043025
"seqbench:betting",0.03,0.052,"B",2000,0,0,0,0.00191711760051293,0,0,0,0.00191711760051293,0,769,765,774,772.1005,772.1005,NA,NA,NA
"seqbench:empirical_bernstein",0.03,0.052,"B",2000,0,0,0,0.00191711760051293,0,0,0,0.00191711760051293,0.001,1503,1497,1510,1504.146,1504.146,1.95448634590377,1.94563106796117,1.96490121709716
"seqbench:hoeffding",0.03,0.052,"B",2000,0,0,0,0.00191711760051293,0,0,0,0.00191711760051293,1,2000,2000,2000,2000,2000,2.60078023407022,2.58397932816537,2.61437908496732
"seqbench:naive_fixed",0.03,0.052,"B",2000,83,0.0415,0.0336022528466813,0.0511557439929891,531,0.2655,0.246608966055122,0.285290162099518,0,22,21,23.5125,31.236,31.236,0.0286085825747724,0.0272373540856031,0.0312093628088427
"fixed:100",-0.2,0.173,"A",2000,0,0,0,0.00191711760051293,110,0.055,0.0458346345893571,0.0658716000750995,0,100,100,100,100,100,NA,NA,NA
"fixed:500",-0.2,0.173,"A",2000,0,0,0,0.00191711760051293,91,0.0455,0.03720513368317,0.0555375262156962,0,500,500,500,500,500,NA,NA,NA
"fixed:final",-0.2,0.173,"A",2000,0,0,0,0.00191711760051293,101,0.0505,0.0417353269068604,0.0609881618160007,0,2000,2000,2000,2000,2000,NA,NA,NA
"savi_cs",-0.2,0.173,"A",2000,0,0,0,0.00191711760051293,0,0,0,0.00191711760051293,0,17,17,17,17.3615,17.3615,NA,NA,NA
"fixed:100",-0.05,0.173,"A",2000,0,0,0,0.00191711760051293,102,0.051,0.0421898227200188,0.0615317488852419,0.161,100,100,100,100,100,0.371747211895911,0.367630194279547,0.375957549240332
"fixed:500",-0.05,0.173,"A",2000,0,0,0,0.00191711760051293,103,0.0515,0.0426445720150835,0.0620750824725766,0,500,500,500,500,500,1.85873605947955,1.83823529411765,1.88679245283019
"fixed:final",-0.05,0.173,"A",2000,0,0,0,0.00191711760051293,109,0.0545,0.0453782031822041,0.0653299485998529,0,2000,2000,2000,2000,2000,7.43494423791822,7.3394495412844,7.54716981132075
"savi_cs",-0.05,0.173,"A",2000,0,0,0,0.00191711760051293,39,0.0195,0.0142971752817024,0.0265451747323905,0,85,81,87,98.353,98.353,0.315985130111524,0.302803738317757,0.323420074349442
"seqbench:betting",-0.05,0.173,"A",2000,0,0,0,0.00191711760051293,2,0.001,0.000274273176083379,0.00363901018922853,0,269,265.4875,272.5,276.9285,276.9285,NA,NA,NA
"seqbench:empirical_bernstein",-0.05,0.173,"A",2000,0,0,0,0.00191711760051293,0,0,0,0.00191711760051293,0,521,516.4875,525,527.9925,527.9925,1.9368029739777,1.91911764705882,1.95880342329098
"seqbench:hoeffding",-0.05,0.173,"A",2000,0,0,0,0.00191711760051293,0,0,0,0.00191711760051293,1,2000,2000,2000,2000,2000,7.43494423791822,7.32600732600733,7.53295668549906
"seqbench:naive_fixed",-0.05,0.173,"A",2000,38,0.019,0.0138737052353445,0.0259705618963489,575,0.2875,0.26808629965298,0.307728475327238,0,27,25,28,38.293,38.293,0.100371747211896,0.0936285834295915,0.104477611940299
"fixed:100",-0.025,0.173,"A",2000,4,0.002,0.00077801472547091,0.00513143440463997,109,0.0545,0.0453782031822041,0.0653299485998529,0.923,100,100,100,100,100,0.05,0.05,0.05
"fixed:500",-0.025,0.173,"A",2000,1,5e-04,8.82654601505827e-05,0.00282693502276184,111,0.0555,0.0462912940037068,0.0664130235431492,0.8035,500,500,500,500,500,0.25,0.25,0.25
"fixed:final",-0.025,0.173,"A",2000,0,0,0,0.00191711760051293,99,0.0495,0.040827109954759,0.0599002130033031,0.391,2000,2000,2000,2000,2000,1,1,1
"savi_cs",-0.025,0.173,"A",2000,11,0.0055,0.00307386501560881,0.00982216429129848,59,0.0295,0.0229387465974671,0.0378652610646156,0.7535,2000,2000,2000,1709.373,1709.373,1,1,1
"seqbench:betting",-0.025,0.173,"A",2000,0,0,0,0.00191711760051293,1,5e-04,8.82654601505827e-05,0.00282693502276184,0.796,2000,2000,2000,1863.913,1863.913,NA,NA,NA
"seqbench:empirical_bernstein",-0.025,0.173,"A",2000,0,0,0,0.00191711760051293,0,0,0,0.00191711760051293,0.9655,2000,2000,2000,1990.555,1990.555,1,1,1
"seqbench:hoeffding",-0.025,0.173,"A",2000,0,0,0,0.00191711760051293,0,0,0,0.00191711760051293,1,2000,2000,2000,2000,2000,1,1,1
"seqbench:naive_fixed",-0.025,0.173,"A",2000,149,0.0745,0.0637896674068704,0.0868417996711661,848,0.424,0.402507139117802,0.445784262757476,0.146,356,315.975,403,696.3575,696.3575,0.178,0.15624375,0.2015
"fixed:100",-0.015,0.173,"equivalent",2000,16,0.008,0.00493025378658916,0.0129561899323156,105,0.0525,0.0435548173272603,0.0631610029251988,0.981,100,100,100,100,100,0.05,0.05,0.05
"fixed:500",-0.015,0.173,"equivalent",2000,3,0.0015,0.00051025434865193,0.00440111189905947,103,0.0515,0.0426445720150835,0.0620750824725766,0.791,500,500,500,500,500,0.25,0.25,0.25
"fixed:final",-0.015,0.173,"equivalent",2000,0,0,0,0.00191711760051293,86,0.043,0.0349509394153301,0.0528013060715387,0.401,2000,2000,2000,2000,2000,1,1,1
"savi_cs",-0.015,0.173,"equivalent",2000,8,0.004,0.00202822220982194,0.00787355844988689,83,0.0415,0.0336022528466813,0.0511557439929891,0.759,2000,2000,2000,1715.4945,1715.4945,1,1,1
"seqbench:betting",-0.015,0.173,"equivalent",2000,0,0,0,0.00191711760051293,5,0.0025,0.00106829296910572,0.00583923904340465,0.8085,2000,2000,2000,1869.0195,1869.0195,NA,NA,NA
"seqbench:empirical_bernstein",-0.015,0.173,"equivalent",2000,0,0,0,0.00191711760051293,0,0,0,0.00191711760051293,0.9715,2000,2000,2000,1992.0955,1992.0955,1,1,1
"seqbench:hoeffding",-0.015,0.173,"equivalent",2000,0,0,0,0.00191711760051293,0,0,0,0.00191711760051293,1,2000,2000,2000,2000,2000,1,1,1
"seqbench:naive_fixed",-0.015,0.173,"equivalent",2000,455,0.2275,0.209659562010023,0.246385267082256,1011,0.5055,0.483598327090617,0.527380584615777,0.149,386,338,429.5125,717.822,717.822,0.193,0.169,0.21475625
"fixed:100",0.015,0.173,"equivalent",2000,15,0.0075,0.00455033645617224,0.012338024380333,99,0.0495,0.040827109954759,0.0599002130033031,0.982,100,100,100,100,100,0.05,0.05,0.05
"fixed:500",0.015,0.173,"equivalent",2000,1,5e-04,8.82654601505827e-05,0.00282693502276184,94,0.047,0.0385612620396613,0.0571756465064035,0.8025,500,500,500,500,500,0.25,0.25,0.25
"fixed:final",0.015,0.173,"equivalent",2000,0,0,0,0.00191711760051293,109,0.0545,0.0453782031822041,0.0653299485998529,0.406,2000,2000,2000,2000,2000,1,1,1
"savi_cs",0.015,0.173,"equivalent",2000,6,0.003,0.00137561114622761,0.00653000374868225,65,0.0325,0.0255805864761719,0.0412119184803077,0.75,2000,2000,2000,1708.751,1708.751,1,1,1
"seqbench:betting",0.015,0.173,"equivalent",2000,0,0,0,0.00191711760051293,3,0.0015,0.00051025434865193,0.00440111189905947,0.7855,2000,2000,2000,1854.424,1854.424,NA,NA,NA
"seqbench:empirical_bernstein",0.015,0.173,"equivalent",2000,0,0,0,0.00191711760051293,0,0,0,0.00191711760051293,0.959,2000,2000,2000,1987.936,1987.936,1,1,1
"seqbench:hoeffding",0.015,0.173,"equivalent",2000,0,0,0,0.00191711760051293,0,0,0,0.00191711760051293,1,2000,2000,2000,2000,2000,1,1,1
"seqbench:naive_fixed",0.015,0.173,"equivalent",2000,429,0.2145,0.197066395967634,0.233028278182259,1000,0.5,0.478107549243444,0.521892450756556,0.1505,353,316.4875,406.025,704.4265,704.4265,0.1765,0.156,0.20225625
"fixed:100",0.025,0.173,"B",2000,7,0.0035,0.00169641004556232,0.00720728773174702,91,0.0455,0.03720513368317,0.0555375262156962,0.9325,100,100,100,100,100,0.05,0.05,0.05
"fixed:500",0.025,0.173,"B",2000,1,5e-04,8.82654601505827e-05,0.00282693502276184,95,0.0475,0.039013879394732,0.0577211120337322,0.7945,500,500,500,500,500,0.25,0.25,0.25
"fixed:final",0.025,0.173,"B",2000,0,0,0,0.00191711760051293,86,0.043,0.0349509394153301,0.0528013060715387,0.377,2000,2000,2000,2000,2000,1,1,1
"savi_cs",0.025,0.173,"B",2000,6,0.003,0.00137561114622761,0.00653000374868225,43,0.0215,0.0160006940703446,0.0288339874733462,0.747,2000,2000,2000,1704.4955,1704.4955,1,1,1
"seqbench:betting",0.025,0.173,"B",2000,0,0,0,0.00191711760051293,2,0.001,0.000274273176083379,0.00363901018922853,0.796,2000,2000,2000,1863.9125,1863.9125,NA,NA,NA
"seqbench:empirical_bernstein",0.025,0.173,"B",2000,0,0,0,0.00191711760051293,0,0,0,0.00191711760051293,0.967,2000,2000,2000,1990.294,1990.294,1,1,1
"seqbench:hoeffding",0.025,0.173,"B",2000,0,0,0,0.00191711760051293,0,0,0,0.00191711760051293,1,2000,2000,2000,2000,2000,1,1,1
"seqbench:naive_fixed",0.025,0.173,"B",2000,126,0.063,0.0531667333453216,0.0745088274375267,807,0.4035,0.382203359745556,0.425166643951343,0.1395,312.5,276.4625,368.0125,659.2095,659.2095,0.15625,0.13825,0.1815
"fixed:100",0.03,0.173,"B",2000,0,0,0,0.00191711760051293,95,0.0475,0.039013879394732,0.0577211120337322,0.831,100,100,100,100,100,0.0960153624579933,0.0928505106778087,0.0982318271119843
"fixed:500",0.03,0.173,"B",2000,0,0,0,0.00191711760051293,92,0.046,0.037656884800935,0.0560838579803307,0.385,500,500,500,500,500,0.480076812289966,0.464894645699502,0.491654182054677
"fixed:final",0.03,0.173,"B",2000,0,0,0,0.00191711760051293,98,0.049,0.0403733961506753,0.0593558439249874,0.004,2000,2000,2000,2000,2000,1.92030724915987,1.85698867051425,1.96174595389897
"savi_cs",0.03,0.173,"B",2000,3,0.0015,0.00051025434865193,0.00440111189905947,29,0.0145,0.0101146109999731,0.0207469101901249,0.085,714,679,767,851.482,851.482,0.685549687950072,0.658250749246093,0.727364637098111
"seqbench:betting",0.03,0.173,"B",2000,0,0,0,0.00191711760051293,1,5e-04,8.82654601505827e-05,0.00282693502276184,0.0955,1041.5,1016,1073,1135.639,1135.639,NA,NA,NA
"seqbench:empirical_bernstein",0.03,0.173,"B",2000,0,0,0,0.00191711760051293,0,0,0,0.00191711760051293,0.3275,1755,1727,1785.0125,1686.057,1686.057,1.68506961113778,1.64225681219594,1.72033114969851
"seqbench:hoeffding",0.03,0.173,"B",2000,0,0,0,0.00191711760051293,0,0,0,0.00191711760051293,1,2000,2000,2000,2000,2000,1.92030724915987,1.86219739292365,1.96656833824975
"seqbench:naive_fixed",0.03,0.173,"B",2000,88,0.044,0.0358516854554926,0.0538967257961752,711,0.3555,0.33481691263083,0.376737134355718,5e-04,119,105,136.0125,245.8485,245.8485,0.114258281325012,0.10168440707456,0.13006356835915
