"method","mu","seeds","w","truth","R","false_declaration","false_rate","false_lo","false_hi","miscover","miscover_rate","miscover_lo","miscover_hi","p_inconclusive","median_n","median_lo","median_hi","mean_n","mean_cost","ratio_n_vs_1seed","ratio_n_lo","ratio_n_hi","ratio_cost_vs_1seed"
"fixed:final",0,1,0,"equivalent",2000,0,0,0,0.00191711760051293,100,0.05,0.0412810881109756,0.0604443177294861,0,2000,2000,2000,2000,2000,NA,NA,NA,NA
"pseudorep:betting",0,1,0,"equivalent",2000,0,0,0,0.00191711760051293,1,5e-04,8.82654601505827e-05,0.00282693502276184,0,501,494,507,530.6195,530.6195,NA,NA,NA,NA
"seqbench:betting",0,1,0,"equivalent",2000,0,0,0,0.00191711760051293,1,5e-04,8.82654601505827e-05,0.00282693502276184,0,501,494,506,530.6195,530.6195,NA,NA,NA,NA
"seqbench:empirical_bernstein",0,1,0,"equivalent",2000,0,0,0,0.00191711760051293,0,0,0,0.00191711760051293,0,925.5,921,932,954.2515,954.2515,NA,NA,NA,NA
"fixed:final",0.01,1,0,"equivalent",2000,0,0,0,0.00191711760051293,102,0.051,0.0421898227200188,0.0615317488852419,0.008,2000,2000,2000,2000,2000,NA,NA,NA,NA
"pseudorep:betting",0.01,1,0,"equivalent",2000,0,0,0,0.00191711760051293,2,0.001,0.000274273176083379,0.00363901018922853,0.1265,1083,1049,1116,1166.2755,1166.2755,NA,NA,NA,NA
"seqbench:betting",0.01,1,0,"equivalent",2000,0,0,0,0.00191711760051293,2,0.001,0.000274273176083379,0.00363901018922853,0.1265,1083,1049,1112.5125,1166.2755,1166.2755,NA,NA,NA,NA
"seqbench:empirical_bernstein",0.01,1,0,"equivalent",2000,0,0,0,0.00191711760051293,0,0,0,0.00191711760051293,0.3855,1780.5,1749,1811,1699.1225,1699.1225,NA,NA,NA,NA
"fixed:final",0.05,1,0,"B",2000,0,0,0,0.00191711760051293,117,0.0585,0.0490358822427637,0.0696569325984893,0,2000,2000,2000,2000,2000,NA,NA,NA,NA
"pseudorep:betting",0.05,1,0,"B",2000,0,0,0,0.00191711760051293,2,0.001,0.000274273176083379,0.00363901018922853,0,271,268,275,277.9735,277.9735,NA,NA,NA,NA
"seqbench:betting",0.05,1,0,"B",2000,0,0,0,0.00191711760051293,2,0.001,0.000274273176083379,0.00363901018922853,0,271,268,274.5,277.9735,277.9735,NA,NA,NA,NA
"seqbench:empirical_bernstein",0.05,1,0,"B",2000,0,0,0,0.00191711760051293,0,0,0,0.00191711760051293,0,524.5,520,529,530.7285,530.7285,NA,NA,NA,NA
"fixed:final",0,5,0,"equivalent",2000,0,0,0,0.00191711760051293,89,0.0445,0.036302529260019,0.0544439648740483,0,2000,2000,2000,2000,10000,1,1,1,5
"pseudorep:betting",0,5,0,"equivalent",2000,0,0,0,0.00191711760051293,2,0.001,0.000274273176083379,0.00363901018922853,0,509,503,515.5125,539.9595,539.9595,1.01596806387226,0.998979574797457,1.03830838628218,1.01760206701789
"seqbench:betting",0,5,0,"equivalent",2000,0,0,0,0.00191711760051293,0,0,0,0.00191711760051293,0,404,403,406,411.2575,2056.2875,0.806387225548902,0.798019801980198,0.819838056680162,3.87525807099061
"seqbench:empirical_bernstein",0,5,0,"equivalent",2000,0,0,0,0.00191711760051293,0,0,0,0.00191711760051293,0,797,795,799,806.3735,4031.8675,0.861156131820637,0.854233654876742,0.865983013438382,4.22516233927848
"fixed:final",0.01,5,0,"equivalent",2000,0,0,0,0.00191711760051293,114,0.057,0.0476626119074743,0.0680359542865801,0,2000,2000,2000,2000,10000,1,1,1,5
"pseudorep:betting",0.01,5,0,"equivalent",2000,0,0,0,0.00191711760051293,7,0.0035,0.00169641004556232,0.00720728773174702,0.116,1078.5,1048,1112,1172.719,1172.719,0.99584487534626,0.958181508072231,1.03907441643324,1.00552485240408
"seqbench:betting",0.01,5,0,"equivalent",2000,0,0,0,0.00191711760051293,0,0,0,0.00191711760051293,0,756,751,763.5125,766.225,3831.125,0.698060941828255,0.677056012961012,0.721551484381077,3.28492281626425
"seqbench:empirical_bernstein",0.01,5,0,"equivalent",2000,0,0,0,0.00191711760051293,0,0,0,0.00191711760051293,0.0165,1534,1524,1540.5125,1538.657,7693.285,0.861555742768885,0.844961240310077,0.876277103607516,4.52779890796573
"fixed:final",0.05,5,0,"B",2000,0,0,0,0.00191711760051293,92,0.046,0.037656884800935,0.0560838579803307,0,2000,2000,2000,2000,10000,1,1,1,5
"pseudorep:betting",0.05,5,0,"B",2000,0,0,0,0.00191711760051293,0,0,0,0.00191711760051293,0,271,268,274,277.561,277.561,1,0.981818181818182,1.01481481481481,0.998516045594274
"seqbench:betting",0.05,5,0,"B",2000,0,0,0,0.00191711760051293,0,0,0,0.00191711760051293,0,256,255,257,257.8825,1289.4125,0.944649446494465,0.93040293040293,0.955223880597015,4.63861663072199
"seqbench:empirical_bernstein",0.05,5,0,"B",2000,0,0,0,0.00191711760051293,0,0,0,0.00191711760051293,0,500,497,501,499.812,2499.06,0.953288846520496,0.943181818181818,0.961538461538462,4.70873525729257
"fixed:final",0,1,0.05,"equivalent",2000,0,0,0,0.00191711760051293,105,0.0525,0.0435548173272603,0.0631610029251988,0,2000,2000,2000,2000,2000,NA,NA,NA,NA
"pseudorep:betting",0,1,0.05,"equivalent",2000,0,0,0,0.00191711760051293,3,0.0015,0.00051025434865193,0.00440111189905947,0,518,513,523,553.258,553.258,NA,NA,NA,NA
"seqbench:betting",0,1,0.05,"equivalent",2000,0,0,0,0.00191711760051293,3,0.0015,0.00051025434865193,0.00440111189905947,0,518,512.5,523,553.258,553.258,NA,NA,NA,NA
"seqbench:empirical_bernstein",0,1,0.05,"equivalent",2000,0,0,0,0.00191711760051293,0,0,0,0.00191711760051293,0,937,931,944,970.055,970.055,NA,NA,NA,NA
"fixed:final",0.01,1,0.05,"equivalent",2000,0,0,0,0.00191711760051293,86,0.043,0.0349509394153301,0.0528013060715387,0.0105,2000,2000,2000,2000,2000,NA,NA,NA,NA
"pseudorep:betting",0.01,1,0.05,"equivalent",2000,0,0,0,0.00191711760051293,6,0.003,0.00137561114622761,0.00653000374868225,0.137,1101.5,1072,1139.5,1188.297,1188.297,NA,NA,NA,NA
"seqbench:betting",0.01,1,0.05,"equivalent",2000,0,0,0,0.00191711760051293,6,0.003,0.00137561114622761,0.00653000374868225,0.137,1101.5,1070,1143.025,1188.297,1188.297,NA,NA,NA,NA
"seqbench:empirical_bernstein",0.01,1,0.05,"equivalent",2000,0,0,0,0.00191711760051293,0,0,0,0.00191711760051293,0.3925,1816.5,1781.9875,1848.5125,1716.381,1716.381,NA,NA,NA,NA
"fixed:final",0.05,1,0.05,"B",2000,0,0,0,0.00191711760051293,108,0.054,0.0449220027165161,0.0647880661831415,0,2000,2000,2000,2000,2000,NA,NA,NA,NA
"pseudorep:betting",0.05,1,0.05,"B",2000,0,0,0,0.00191711760051293,1,5e-04,8.82654601505827e-05,0.00282693502276184,0,275,273,279,283.5645,283.5645,NA,NA,NA,NA
"seqbench:betting",0.05,1,0.05,"B",2000,0,0,0,0.00191711760051293,1,5e-04,8.82654601505827e-05,0.00282693502276184,0,275,273,279,283.5645,283.5645,NA,NA,NA,NA
"seqbench:empirical_bernstein",0.05,1,0.05,"B",2000,0,0,0,0.00191711760051293,0,0,0,0.00191711760051293,0,530,525.9875,535.5,537.003,537.003,NA,NA,NA,NA
"fixed:final",0,5,0.05,"equivalent",2000,0,0,0,0.00191711760051293,110,0.055,0.0458346345893571,0.0658716000750995,0,2000,2000,2000,2000,10000,1,1,1,5
"pseudorep:betting",0,5,0.05,"equivalent",2000,0,0,0,0.00191711760051293,10,0.005,0.00271815130132669,0.00917979512318111,0,535,527,543,572.6835,572.6835,1.03281853281853,1.0134608925144,1.05058365758755,1.03511110548786
"seqbench:betting",0,5,0.05,"equivalent",2000,0,0,0,0.00191711760051293,0,0,0,0.00191711760051293,0,413,411,415,421.5035,2107.5175,0.797297297297297,0.788157813115759,0.807026930165882,3.80928517978954
"seqbench:empirical_bernstein",0,5,0.05,"equivalent",2000,0,0,0,0.00191711760051293,0,0,0,0.00191711760051293,0,811,809,813,822.724,4113.62,0.865528281750267,0.859110169491525,0.872183879763787,4.24060491415435
"fixed:final",0.01,5,0.05,"equivalent",2000,0,0,0,0.00191711760051293,97,0.0485,0.039919950504439,0.0588112066888242,0,2000,2000,2000,2000,10000,1,1,1,5
"pseudorep:betting",0.01,5,0.05,"equivalent",2000,0,0,0,0.00191711760051293,24,0.012,0.00807709618377981,0.0177940105943208,0.187,1147,1112,1190.0125,1218.0645,1218.0645,1.04130730821607,1,1.09538257458249,1.02505055554293
"seqbench:betting",0.01,5,0.05,"equivalent",2000,0,0,0,0.00191711760051293,1,5e-04,8.82654601505827e-05,0.00282693502276184,0,777.5,769,785,790.6385,3953.1925,0.705855651384476,0.68014428484536,0.727789237194265,3.32677142162271
"seqbench:empirical_bernstein",0.01,5,0.05,"equivalent",2000,0,0,0,0.00191711760051293,0,0,0,0.00191711760051293,0.038,1564,1549.4875,1575.5,1571.3935,7856.9675,0.860996421690063,0.843231090541268,0.877877799753476,4.57763602603385
"fixed:final",0.05,5,0.05,"B",2000,0,0,0,0.00191711760051293,107,0.0535,0.0444660361934455,0.0642459498238126,0,2000,2000,2000,2000,10000,1,1,1,5
"pseudorep:betting",0.05,5,0.05,"B",2000,0,0,0,0.00191711760051293,1,5e-04,8.82654601505827e-05,0.00282693502276184,0,274,270,278,282.781,282.781,0.996363636363636,0.971223021582734,1.00918398775932,0.997236960197768
"seqbench:betting",0.05,5,0.05,"B",2000,0,0,0,0.00191711760051293,0,0,0,0.00191711760051293,0,257,256,259,259.581,1297.905,0.934545454545455,0.920863309352518,0.945255474452555,4.57710679580836
"seqbench:empirical_bernstein",0.05,5,0.05,"B",2000,0,0,0,0.00191711760051293,0,0,0,0.00191711760051293,0,500,498,503,502.145,2510.725,0.943396226415094,0.932710280373832,0.954200654307525,4.67543942957488
